{"cameraMode":{"drawMode":0,"name":"Shaded","section":"Shading Mode"},"sceneLighting":true,"audioPlay":false,"sceneViewState":{"showFog":true,"showMaterialUpdate":true,"showSkybox":true,"showFlares":true,"showImageEffects":true,"showParticleSystems":true},"in2DMode":false,"pivot":{"x":-0.30277109146118166,"y":-0.7119085788726807,"z":1.1441363096237183},"rotation":{"x":-0.25448349118232729,"y":0.7350387573242188,"z":-0.36629071831703188,"w":-0.510673999786377},"size":2.696051836013794,"orthographic":false}