{"cameraMode":{"drawMode":0,"name":"Shaded","section":"Shading Mode"},"sceneLighting":true,"audioPlay":false,"sceneViewState":{"showFog":true,"showMaterialUpdate":true,"showSkybox":true,"showFlares":true,"showImageEffects":true,"showParticleSystems":true},"in2DMode":false,"pivot":{"x":-4.4464521408081059,"y":0.6254148483276367,"z":0.4924640655517578},"rotation":{"x":-0.1262529194355011,"y":0.8720887899398804,"z":-0.3618551194667816,"w":-0.3042761981487274},"size":2.1685969829559328,"orthographic":false}