{"cameraMode":{"drawMode":0,"name":"Shaded","section":"Shading Mode"},"sceneLighting":true,"audioPlay":false,"sceneViewState":{"showFog":true,"showMaterialUpdate":true,"showSkybox":true,"showFlares":true,"showImageEffects":true,"showParticleSystems":true},"in2DMode":false,"pivot":{"x":1.0490217208862305,"y":-5.434226036071777,"z":-0.2598479688167572},"rotation":{"x":-0.7181090116500855,"y":0.015023072250187397,"z":-0.0155123770236969,"w":-0.6956117749214172},"size":3.2960517406463625,"orthographic":false}