{"cameraMode":{"drawMode":0,"name":"Shaded","section":"Shading Mode"},"sceneLighting":true,"audioPlay":false,"sceneViewState":{"showFog":true,"showMaterialUpdate":true,"showSkybox":true,"showFlares":true,"showImageEffects":true,"showParticleSystems":true},"in2DMode":false,"pivot":{"x":0.004496574401855469,"y":-0.7244057655334473,"z":0.4106638431549072},"rotation":{"x":-0.13220612704753877,"y":0.866949200630188,"z":-0.3597225844860077,"w":-0.318623423576355},"size":3.231402635574341,"orthographic":false}