{"cameraMode":{"drawMode":0,"name":"Shaded","section":"Shading Mode"},"sceneLighting":true,"audioPlay":false,"sceneViewState":{"showFog":true,"showMaterialUpdate":true,"showSkybox":true,"showFlares":true,"showImageEffects":true,"showParticleSystems":true},"in2DMode":false,"pivot":{"x":2.218277931213379,"y":-1.231764316558838,"z":1.4640085697174073},"rotation":{"x":-0.4546075761318207,"y":0.127999946475029,"z":-0.06617879122495651,"w":-0.8789780139923096},"size":2.304201602935791,"orthographic":false}